{
  "metadata": {
    "timestamp": "2025-12-20T15:21:07.227982",
    "device": "cpu",
    "gpu": "CPU",
    "batch_size": 8,
    "num_runs": 50,
    "finetune_samples": 100000,
    "finetune_epochs": 10,
    "pytorch": "2.9.0+cpu"
  },
  "results": [
    {
      "model": "ecg_jepa",
      "leads": 8,
      "samples": 2500,
      "hz": 250,
      "duration_s": 10.0,
      "params": 85402368,
      "flops": 45390643200.0,
      "infer_batch": 8,
      "infer_ms": 4047.878119140223,
      "infer_std": 399.0225456027719,
      "infer_throughput": 1.9763440905427296,
      "inf_mem": 0,
      "train_batch": 8,
      "train_ms": 19459.604602600302,
      "train_ms_per_sample": 2432.450575325038,
      "train_throughput": 0.4111080447611456,
      "train_mem": 0,
      "finetune_hours": 675.6807153680661
    },
    {
      "model": "heartlang",
      "leads": 256,
      "samples": 96,
      "hz": 100,
      "duration_s": 10.0,
      "params": 47721216,
      "flops": 9854146560.0,
      "infer_batch": 8,
      "infer_ms": 1163.1698869004322,
      "infer_std": 206.91697772885968,
      "infer_throughput": 6.877757144588806,
      "inf_mem": 0,
      "train_batch": 8,
      "train_ms": 5660.090440250497,
      "train_ms_per_sample": 707.5113050313121,
      "train_throughput": 1.4134049772614494,
      "train_mem": 0,
      "finetune_hours": 196.53091806425337
    },
    {
      "model": "hubert_ecg",
      "leads": 12,
      "samples": 2500,
      "hz": 500,
      "duration_s": 5.0,
      "params": 92798080,
      "flops": 17956722688.0,
      "infer_batch": 8,
      "infer_ms": 863.2829567603767,
      "infer_std": 130.6480259613844,
      "infer_throughput": 9.266950004459057,
      "inf_mem": 0,
      "train_batch": 8,
      "train_ms": 3797.2538249003264,
      "train_ms_per_sample": 474.6567281125408,
      "train_throughput": 2.1067856848389614,
      "train_mem": 0,
      "finetune_hours": 131.84909114237243
    },
    {
      "model": "melp",
      "leads": 12,
      "samples": 5000,
      "hz": 500,
      "duration_s": 10.0,
      "params": 62023680,
      "flops": 27268349952.0,
      "infer_batch": 8,
      "infer_ms": 2093.2421249194886,
      "infer_std": 613.0387271757098,
      "infer_throughput": 3.821822571198112,
      "inf_mem": 0,
      "train_batch": 8,
      "train_ms": 5913.1009461492795,
      "train_ms_per_sample": 739.1376182686599,
      "train_throughput": 1.3529280275875804,
      "train_mem": 0,
      "finetune_hours": 205.31600507462775
    },
    {
      "model": "esi",
      "leads": 12,
      "samples": 5000,
      "hz": 500,
      "duration_s": 10.0,
      "params": 85558528,
      "flops": 46848246784.0,
      "infer_batch": 8,
      "infer_ms": 2554.8878897396207,
      "infer_std": 301.79100913197414,
      "infer_throughput": 3.13125285541015,
      "inf_mem": 0,
      "train_batch": 8,
      "train_ms": 7863.447370799258,
      "train_ms_per_sample": 982.9309213499073,
      "train_throughput": 1.017365491591872,
      "train_mem": 0,
      "finetune_hours": 273.0363670416409
    },
    {
      "model": "st_mem",
      "leads": 12,
      "samples": 2250,
      "hz": 250,
      "duration_s": 9.0,
      "params": 85150614,
      "flops": 65457636288.0,
      "infer_batch": 8,
      "infer_ms": 2832.037356299999,
      "infer_std": 185.83540708422524,
      "infer_throughput": 2.8248214954522504,
      "inf_mem": 0,
      "train_batch": 32,
      "train_ms": 32264.44112604999,
      "train_ms_per_sample": 1008.2637851890622,
      "train_throughput": 0.9918039452468158,
      "train_mem": 0,
      "finetune_hours": 280.0732736636284
    },
    {
      "model": "ecgfm_ked",
      "leads": 12,
      "samples": 1000,
      "hz": 100,
      "duration_s": 10.0,
      "params": 7865984,
      "flops": 1165691392.0,
      "infer_batch": 8,
      "infer_ms": 122.03274810031871,
      "infer_std": 25.87805836539573,
      "infer_throughput": 65.55617344143957,
      "inf_mem": 0,
      "train_batch": 8,
      "train_ms": 391.4207241006807,
      "train_ms_per_sample": 48.927590512585084,
      "train_throughput": 20.43836595106357,
      "train_mem": 0,
      "finetune_hours": 13.590997364606968
    },
    {
      "model": "ecg_cpc",
      "leads": 12,
      "samples": 2400,
      "hz": 240,
      "duration_s": 10.0,
      "params": 2985984,
      "flops": 7004160000.0,
      "infer_batch": 8,
      "infer_ms": 842.6215674800097,
      "infer_std": 135.35814517659546,
      "infer_throughput": 9.494179010780888,
      "inf_mem": 0,
      "train_batch": 32,
      "train_ms": 8658.446050899982,
      "train_ms_per_sample": 270.57643909062443,
      "train_throughput": 3.6958132916557047,
      "train_mem": 0,
      "finetune_hours": 75.1601219696179
    },
    {
      "model": "s4_supervised",
      "leads": 12,
      "samples": 250,
      "hz": 100,
      "duration_s": 2.5,
      "params": 2181632,
      "flops": 1055744000.0,
      "infer_batch": 8,
      "infer_ms": 151.87839286008966,
      "infer_std": 14.938856915213984,
      "infer_throughput": 52.67372039793441,
      "inf_mem": 0,
      "train_batch": 8,
      "train_ms": 800.452724650313,
      "train_ms_per_sample": 100.05659058128913,
      "train_throughput": 9.994344142553693,
      "train_mem": 0,
      "finetune_hours": 27.793497383691424
    },
    {
      "model": "heartgpt_ecg",
      "leads": 1,
      "samples": 500,
      "hz": 100,
      "duration_s": 5.0,
      "params": 438464,
      "flops": 266496000.0,
      "infer_batch": 8,
      "infer_ms": 505.0076260999946,
      "infer_std": 109.43169923842557,
      "infer_throughput": 15.841344935286088,
      "inf_mem": 0,
      "train_batch": 32,
      "train_ms": 11914.040293000007,
      "train_ms_per_sample": 372.3137591562502,
      "train_throughput": 2.6859066456910785,
      "train_mem": 0,
      "finetune_hours": 103.42048865451395
    },
    {
      "model": "heartgpt_ppg",
      "leads": 1,
      "samples": 500,
      "hz": 50,
      "duration_s": 10.0,
      "params": 438464,
      "flops": 266496000.0,
      "infer_batch": 8,
      "infer_ms": 320.1937454399922,
      "infer_std": 48.19391400765663,
      "infer_throughput": 24.98487279633414,
      "inf_mem": 0,
      "train_batch": 32,
      "train_ms": 11367.065918649996,
      "train_ms_per_sample": 355.2208099578124,
      "train_throughput": 2.815150385245629,
      "train_mem": 0,
      "finetune_hours": 98.67244721050344
    },
    {
      "model": "heartbert",
      "leads": 1,
      "samples": 512,
      "hz": 360,
      "duration_s": null,
      "params": 83450880,
      "flops": 43528617984.0,
      "infer_batch": 8,
      "infer_ms": 1910.6933618600078,
      "infer_std": 80.84943161593492,
      "infer_throughput": 4.186961738440447,
      "inf_mem": 0,
      "train_batch": 32,
      "train_ms": 34564.953400949984,
      "train_ms_per_sample": 1080.154793779687,
      "train_throughput": 0.9257932342278381,
      "train_mem": 0,
      "finetune_hours": 300.04299827213526
    },
    {
      "model": "papagei",
      "leads": 1,
      "samples": 1250,
      "hz": 125,
      "duration_s": 10.0,
      "params": 4993024,
      "flops": 153606016.0,
      "infer_batch": 8,
      "infer_ms": 28.276054259995362,
      "infer_std": 3.933242089905955,
      "infer_throughput": 282.9249062277515,
      "inf_mem": 0,
      "train_batch": 32,
      "train_ms": 267.773841099995,
      "train_ms_per_sample": 8.367932534374845,
      "train_throughput": 119.50383154884129,
      "train_mem": 0,
      "finetune_hours": 2.324425703993012
    },
    {
      "model": "pulseppg",
      "leads": 1,
      "samples": 12000,
      "hz": 50,
      "duration_s": 240.0,
      "params": 29358336,
      "flops": 55519427456.0,
      "infer_batch": 8,
      "infer_ms": 2134.7674875600296,
      "infer_std": 132.5419096980135,
      "infer_throughput": 3.7474807193844524,
      "inf_mem": 0,
      "train_batch": 32,
      "train_ms": 25637.538895600017,