{
  "metadata": {
    "timestamp": "2025-12-19T22:26:58.032977",
    "device": "cuda",
    "gpu": "NVIDIA A100-SXM4-80GB",
    "batch_size": 32,
    "num_runs": 50,
    "finetune_samples": 100000,
    "finetune_epochs": 10,
    "pytorch": "2.9.0+cu126"
  },
  "results": [
    {
      "model": "ecg_jepa",
      "leads": 8,
      "samples": 2500,
      "hz": 250,
      "duration_s": 10.0,
      "params": 85402368,
      "flops": 45390643200.0,
      "infer_batch": 32,
      "infer_ms": 172.59611373999945,
      "infer_std": 0.08110129883856414,
      "infer_throughput": 185.40394280374775,
      "inf_mem": 1.663409664,
      "train_batch": 32,
      "train_ms": 490.6036146999988,
      "train_ms_per_sample": 15.331362959374962,
      "train_throughput": 65.22577298898992,
      "train_mem": 10.444872192,
      "finetune_hours": 4.258711933159712
    },
    {
      "model": "heartlang",
      "leads": 256,
      "samples": 96,
      "hz": 100,
      "duration_s": 10.0,
      "params": 47721216,
      "flops": 9854146560.0,
      "infer_batch": 32,
      "infer_ms": 54.65348672000061,
      "infer_std": 0.09026699803945352,
      "infer_throughput": 585.5070174011332,
      "inf_mem": 0.7893632,
      "train_batch": 32,
      "train_ms": 193.96063885000177,
      "train_ms_per_sample": 6.061269964062555,
      "train_throughput": 164.9819272081641,
      "train_mem": 4.903834112,
      "finetune_hours": 1.6836861011284878
    },
    {
      "model": "hubert_ecg",
      "leads": 12,
      "samples": 2500,
      "hz": 500,
      "duration_s": 5.0,
      "params": 92798080,
      "flops": 17956722688.0,
      "infer_batch": 32,
      "infer_ms": 40.737010440000184,
      "infer_std": 0.05729645981898703,
      "infer_throughput": 785.526469772038,
      "inf_mem": 1.016463872,
      "train_batch": 32,
      "train_ms": 119.454728999996,
      "train_ms_per_sample": 3.732960281249875,
      "train_throughput": 267.8839110672719,
      "train_mem": 4.053095936,
      "finetune_hours": 1.0369334114582984
    },
    {
      "model": "ecgfm",
      "leads": 12,
      "samples": 5000,
      "hz": 500,
      "duration_s": 10.0,
      "params": 90367616,
      "flops": 645980160000.0,
      "infer_batch": 32,
      "infer_ms": 2047.8609238800027,
      "infer_std": 2.9016224614792496,
      "infer_throughput": 15.626061138649415,
      "inf_mem": 5.309126656,
      "train_batch": 16,
      "train_ms": 2983.2080623000033,
      "train_ms_per_sample": 186.4505038937502,
      "train_throughput": 5.363353700400054,
      "train_mem": 44.303984128,
      "finetune_hours": 51.79180663715284
    },
    {
      "model": "melp",
      "leads": 12,
      "samples": 5000,
      "hz": 500,
      "duration_s": 10.0,
      "params": 62023680,
      "flops": 27268349952.0,
      "infer_batch": 32,
      "infer_ms": 82.00251965999769,
      "infer_std": 0.0879197130614323,
      "infer_throughput": 390.2319115641782,
      "inf_mem": 0.924999168,
      "train_batch": 32,
      "train_ms": 247.13170224999604,
      "train_ms_per_sample": 7.722865695312376,
      "train_throughput": 129.48561317167275,
      "train_mem": 6.085289472,
      "finetune_hours": 2.1452404709201045
    },
    {
      "model": "esi",
      "leads": 12,
      "samples": 5000,
      "hz": 500,
      "duration_s": 10.0,
      "params": 85558528,
      "flops": 46848246784.0,
      "infer_batch": 32,
      "infer_ms": 117.36709177999954,
      "infer_std": 0.07456972236150837,
      "infer_throughput": 272.64882783312777,
      "inf_mem": 1.031414272,
      "train_batch": 32,
      "train_ms": 376.5846933499887,
      "train_ms_per_sample": 11.768271667187147,
      "train_throughput": 84.97424501069665,
      "train_mem": 15.905112576,
      "finetune_hours": 3.2689643519964298
    },
    {
      "model": "deepecg",
      "leads": 12,
      "samples": 2500,
      "hz": 250,
      "duration_s": 10.0,
      "params": 90367616,
      "flops": 322990080000.0,
      "infer_batch": 32,
      "infer_ms": 790.3532467800017,
      "infer_std": 0.7968931203134175,
      "infer_throughput": 40.488224892314946,
      "inf_mem": 3.033153536,
      "train_batch": 32,
      "train_ms": 2460.8825651500074,
      "train_ms_per_sample": 76.90258016093773,
      "train_throughput": 13.003464876045145,
      "train_mem": 44.298465792,
      "finetune_hours": 21.361827822482702
    },
    {
      "model": "st_mem",
      "leads": 12,
      "samples": 2500,
      "hz": 250,
      "duration_s": 10.0,
      "params": 21545088,
      "flops": 1470845952.0,
      "infer_batch": 32,
      "infer_ms": 6.563331680004012,
      "infer_std": 0.03155358958857192,
      "infer_throughput": 4875.572584194076,
      "inf_mem": 0.502245376,
      "train_batch": 32,
      "train_ms": 34.40043619999642,
      "train_ms_per_sample": 1.0750136312498881,
      "train_throughput": 930.22076272403,
      "train_mem": 1.263856128,
      "finetune_hours": 0.29861489756941334
    },
    {
      "model": "ecgfm_ked",
      "leads": 12,
      "samples": 1000,
      "hz": 100,
      "duration_s": 10.0,
      "params": 7865984,
      "flops": 1165691392.0,
      "infer_batch": 32,
      "infer_ms": 13.400213339992888,
      "infer_std": 0.19259640551660154,
      "infer_throughput": 2388.0216820500996,
      "inf_mem": 0.474347008,
      "train_batch": 32,
      "train_ms": 54.76407740000866,
      "train_ms_per_sample": 1.7113774187502706,
      "train_throughput": 584.3246434385278,
      "train_mem": 1.10334976,
      "finetune_hours": 0.47538261631951956
    },
    {
      "model": "ecg_cpc",
      "leads": 12,
      "samples": 2400,
      "hz": 240,
      "duration_s": 10.0,
      "params": 1354752,
      "flops": 3214540800.0,
      "infer_batch": 32,
      "infer_ms": 7.225025199996935,
      "infer_std": 0.1080805447854127,
      "infer_throughput": 4429.050295909497,
      "inf_mem": 1.273878016,
      "train_batch": 32,
      "train_ms": 28.806513699996117,
      "train_ms_per_sample": 0.9002035531248787,
      "train_throughput": 1110.859867780679,
      "train_mem": 2.127522304,
      "finetune_hours": 0.2500565425346885
    },
    {
      "model": "s4_supervised",
      "leads": 12,
      "samples": 250,
      "hz": 100,
      "duration_s": 2.5,
      "params": 2181632,
      "flops": 1055744000.0,
      "infer_batch": 32,
      "infer_ms": 5.114968140003384,
      "infer_std": 0.02026139101253835,
      "infer_throughput": 6256.148449827652,
      "inf_mem": 0.585273856,
      "train_batch": 32,
      "train_ms": 16.85201939999672,
      "train_ms_per_sample": 0.5266256062498975,
      "train_throughput": 1898.8822194215031,
      "train_mem": 1.143313408,
      "finetune_hours": 0.14628489062497152
    },
    {
      "model": "heartbert",
      "leads": 1,
      "samples": 512,
      "hz": null,
      "duration_s": null,
      "params": 83450880,
      "flops": 43528617984.0,
      "infer_batch": 32,
      "infer_ms": 88.75073681999766,
      "infer_std": 0.053127034532560756,
      "infer_throughput": 360.56038683827177,
      "inf_mem": 1.27992064,
      "train_batch": 32,
      "train_ms": 285.6604745999931,
      "train_ms_per_sample": 8.926889831249785,
      "train_throughput": 112.02109793036371,
      "train_mem": 6.795289088,
      "finetune_hours": 2.479691619791607
    },
    {
      "model": "heartgpt_ecg",
      "leads": 1,
      "samples": 500,
      "hz": 100,
      "duration_s": 5.0,
      "params": 438464,
      "flops": 266496000.0,
      "infer_batch": 32,
      "infer_ms": 19.29567264000525,
      "infer_std": 0.06626221128594768,
      "infer_throughput": 1658.4029277971463,
      "inf_mem": 0.99986688,
      "train_batch": 32,
      "train_ms": 27.75979184999926,
      "train_ms_per_sample": 0.8674934953124769,
      "train_throughput": 1152.7463956831093,
      "train_mem": 1.049000448,
      "finetune_hours": 0.2409704153645769
    },
    {
      "model": "heartgpt_ppg",
      "leads": 1,
      "samples": 500,