{
  "metadata": {
    "timestamp": "2026-04-30T10:50:57.219714",
    "device": "cuda",
    "gpu": "NVIDIA A100-SXM4-80GB",
    "batch_size": 32,
    "num_runs": 50,
    "finetune_samples": 100000,
    "finetune_epochs": 10,
    "pytorch": "2.10.0+cu128"
  },
  "results": [
    {
      "model": "ecg_jepa",
      "leads": 8,
      "samples": 2500,
      "hz": 250,
      "duration_s": 10.0,
      "params": 85402368,
      "flops": 45390643200.0,
      "infer_batch": 32,
      "infer_ms": 171.99295381986303,
      "infer_std": 0.16099332884645257,
      "infer_throughput": 186.0541335519781,
      "inf_mem": 2.67900672,
      "train_batch": 32,
      "train_ms": 474.8542892501064,
      "train_ms_per_sample": 14.839196539065824,
      "train_throughput": 67.38909329540785,
      "train_mem": 11.452412416,
      "finetune_hours": 4.121999038629395
    },
    {
      "model": "heartlang",
      "leads": 256,
      "samples": 96,
      "hz": 100,
      "duration_s": 10.0,
      "params": 47721216,
      "flops": 9854146560.0,
      "infer_batch": 32,
      "infer_ms": 54.45316160006769,
      "infer_std": 0.08698144184559446,
      "infer_throughput": 587.6610110359547,
      "inf_mem": 1.79688704,
      "train_batch": 32,
      "train_ms": 192.49274429985235,
      "train_ms_per_sample": 6.015398259370386,
      "train_throughput": 166.2400321445495,
      "train_mem": 5.910546944,
      "finetune_hours": 1.6709439609362182
    },
    {
      "model": "ecg_cpc",
      "leads": 12,
      "samples": 2400,
      "hz": 240,
      "duration_s": 10.0,
      "params": 1354752,
      "flops": 3214540800.0,
      "infer_batch": 32,
      "infer_ms": 7.094907860118838,
      "infer_std": 0.025421809837878475,
      "infer_throughput": 4510.277036841463,
      "inf_mem": 2.28131584,
      "train_batch": 32,
      "train_ms": 21.344145699822548,
      "train_ms_per_sample": 0.6670045531194546,
      "train_throughput": 1499.2401406005226,
      "train_mem": 3.132129792,
      "finetune_hours": 0.18527904253318184
    },
    {
      "model": "s4_supervised",
      "leads": 12,
      "samples": 250,
      "hz": 100,
      "duration_s": 2.5,
      "params": 2181632,
      "flops": 1055744000.0,
      "infer_batch": 32,
      "infer_ms": 5.147884940051881,
      "infer_std": 0.03028830720595631,
      "infer_throughput": 6216.145149444133,
      "inf_mem": 1.590245888,
      "train_batch": 32,
      "train_ms": 14.63460875011151,
      "train_ms_per_sample": 0.4573315234409847,
      "train_throughput": 2186.5975747220555,
      "train_mem": 2.14025728,
      "finetune_hours": 0.12703653428916242
    },
    {
      "model": "hubert_ecg",
      "leads": 12,
      "samples": 2500,
      "hz": 500,
      "duration_s": 5.0,
      "params": 92798080,
      "flops": 17956722688.0,
      "infer_batch": 32,
      "infer_ms": 40.64028684006189,
      "infer_std": 0.076216823617127,
      "infer_throughput": 787.3960173050606,
      "inf_mem": 2.02441984,
      "train_batch": 32,
      "train_ms": 116.47672965000311,
      "train_ms_per_sample": 3.639897801562597,
      "train_throughput": 274.7329882643142,
      "train_mem": 5.061129728,
      "finetune_hours": 1.011082722656277
    },
    {
      "model": "ecgfm",
      "leads": 12,
      "samples": 5000,
      "hz": 500,
      "duration_s": 10.0,
      "params": 90373248,
      "flops": 53774499840.0,
      "infer_batch": 32,
      "infer_ms": 116.25285303984128,
      "infer_std": 0.034536893190679915,
      "infer_throughput": 275.262061646205,
      "inf_mem": 2.148460544,
      "train_batch": 32,
      "train_ms": 317.4368267000318,
      "train_ms_per_sample": 9.919900834375994,
      "train_throughput": 100.8074593381663,
      "train_mem": 9.774648832,
      "finetune_hours": 2.7555280095488874
    },
    {
      "model": "deepecg",
      "leads": 12,
      "samples": 2500,
      "hz": 250,
      "duration_s": 10.0,
      "params": 90373248,
      "flops": 26887118848.0,
      "infer_batch": 32,
      "infer_ms": 61.53579554014868,
      "infer_std": 0.2880927838824419,
      "infer_throughput": 520.0225286617409,
      "inf_mem": 1.954435072,
      "train_batch": 32,
      "train_ms": 179.61880340008065,
      "train_ms_per_sample": 5.61308760625252,
      "train_throughput": 178.15506725497778,
      "train_mem": 6.108667392,
      "finetune_hours": 1.5591910017368111
    },
    {
      "model": "esi",
      "leads": 12,
      "samples": 5000,
      "hz": 500,
      "duration_s": 10.0,
      "params": 85558528,
      "flops": 46848246784.0,
      "infer_batch": 32,
      "infer_ms": 117.1913941000821,
      "infer_std": 0.09276294395884024,
      "infer_throughput": 273.057593057318,
      "inf_mem": 2.03757824,
      "train_batch": 32,
      "train_ms": 370.2319372000602,
      "train_ms_per_sample": 11.569748037501881,
      "train_throughput": 86.43230576488148,
      "train_mem": 16.912718336,
      "finetune_hours": 3.213818899306078
    },
    {
      "model": "melp",
      "leads": 12,
      "samples": 5000,
      "hz": 500,
      "duration_s": 10.0,
      "params": 62023680,
      "flops": 27268349952.0,
      "infer_batch": 32,
      "infer_ms": 81.67688117995567,
      "infer_std": 0.035942280264617515,
      "infer_throughput": 391.7877315797058,
      "inf_mem": 1.931744768,
      "train_batch": 32,
      "train_ms": 245.77925869989485,
      "train_ms_per_sample": 7.680601834371714,
      "train_throughput": 130.1981305065011,
      "train_mem": 7.087750656,
      "finetune_hours": 2.1335005095476984
    },
    {
      "model": "merl_resnet18",
      "leads": 12,
      "samples": 5000,
      "hz": 500,
      "duration_s": 10.0,
      "params": 3848832,
      "flops": 3455375360.0,
      "infer_batch": 32,
      "infer_ms": 3.311640880165214,
      "infer_std": 0.032375934832580104,
      "infer_throughput": 9662.883494300733,
      "inf_mem": 1.52869376,
      "train_batch": 32,
      "train_ms": 16.107779300000402,
      "train_ms_per_sample": 0.5033681031250126,
      "train_throughput": 1986.6177332091456,
      "train_mem": 2.309617664,
      "finetune_hours": 0.1398244730902813
    },
    {
      "model": "merl_vit_tiny",
      "leads": 12,
      "samples": 5000,
      "hz": 500,
      "duration_s": 10.0,
      "params": 5473152,
      "flops": 734516736.0,
      "infer_batch": 32,
      "infer_ms": 7.365187359973788,
      "infer_std": 0.10757791046937117,
      "infer_throughput": 4344.76387850015,
      "inf_mem": 1.455770112,
      "train_batch": 32,
      "train_ms": 32.504418100052135,
      "train_ms_per_sample": 1.0157630656266292,
      "train_throughput": 984.4815526769474,
      "train_mem": 2.045260288,
      "finetune_hours": 0.2821564071185081
    },
    {
      "model": "ecgfm_ked",
      "leads": 12,
      "samples": 1000,
      "hz": 100,
      "duration_s": 10.0,
      "params": 7865984,
      "flops": 1165691392.0,
      "infer_batch": 32,
      "infer_ms": 13.925570339961268,
      "infer_std": 0.2464758995742841,
      "infer_throughput": 2297.931016022501,
      "inf_mem": 1.481846272,
      "train_batch": 32,
      "train_ms": 50.68370604994925,
      "train_ms_per_sample": 1.583865814060914,
      "train_throughput": 631.3666164913772,
      "train_mem": 2.10755584,
      "finetune_hours": 0.43996272612803167
    },
    {
      "model": "ecgfounder_12lead",
      "leads": 12,
      "samples": 5000,
      "hz": 500,
      "duration_s": 10.0,
      "params": 30819014,
      "flops": 2337282560.0,
      "infer_batch": 32,
      "infer_ms": 15.389626060095907,
      "infer_std": 0.7225543446709508,
      "infer_throughput": 2079.322777242359,
      "inf_mem": 1.646433792,
      "train_batch": 32,
      "train_ms": 53.54019615033394,
      "train_ms_per_sample": 1.6731311296979356,
      "train_throughput": 597.6817849181602,
      "train_mem": 3.462405632,
      "finetune_hours": 0.46475864713831544
    },
    {
      "model": "ecgfounder_1lead",
      "leads": 1,