{
  "metadata": {
    "timestamp": "2025-12-20T00:51:01.390267",
    "device": "cuda",
    "gpu": "Tesla T4",
    "batch_size": 32,
    "num_runs": 50,
    "finetune_samples": 100000,
    "finetune_epochs": 10,
    "pytorch": "2.9.0+cu126"
  },
  "results": [
    {
      "model": "ecg_jepa",
      "leads": 8,
      "samples": 2500,
      "hz": 250,
      "duration_s": 10.0,
      "params": 85402368,
      "flops": 45390643200.0,
      "infer_batch": 32,
      "infer_ms": 707.9791116400156,
      "infer_std": 14.891938185489522,
      "infer_throughput": 45.1990736363292,
      "inf_mem": 1.663409664,
      "train_batch": 32,
      "train_ms": 2301.7988728500086,
      "train_ms_per_sample": 71.93121477656277,
      "train_throughput": 13.902170331840807,
      "train_mem": 10.386938368,
      "finetune_hours": 19.980892993489654
    },
    {
      "model": "heartlang",
      "leads": 256,
      "samples": 96,
      "hz": 100,
      "duration_s": 10.0,
      "params": 47721216,
      "flops": 9854146560.0,
      "infer_batch": 32,
      "infer_ms": 268.990544480007,
      "infer_std": 7.531040594036632,
      "infer_throughput": 118.9632894414935,
      "inf_mem": 0.7893632,
      "train_batch": 32,
      "train_ms": 1046.5275909499953,
      "train_ms_per_sample": 32.703987217187354,
      "train_throughput": 30.577311364482703,
      "train_mem": 4.874342912,
      "finetune_hours": 9.084440893663153
    },
    {
      "model": "hubert_ecg",
      "leads": 12,
      "samples": 2500,
      "hz": 500,
      "duration_s": 5.0,
      "params": 92798080,
      "flops": 17956722688.0,
      "infer_batch": 32,
      "infer_ms": 224.45239863999177,
      "infer_std": 3.2135543661380814,
      "infer_throughput": 142.56920484653003,
      "inf_mem": 0.964952064,
      "train_batch": 32,
      "train_ms": 597.5475295500246,
      "train_ms_per_sample": 18.67336029843827,
      "train_throughput": 53.55222541727716,
      "train_mem": 4.05417728,
      "finetune_hours": 5.187044527343964
    },
    {
      "model": "ecgfm",
      "leads": 12,
      "samples": 5000,
      "hz": 500,
      "duration_s": 10.0,
      "params": 90367616,
      "flops": 645980160000.0,
      "infer_batch": 32,
      "infer_ms": 12735.246526599984,
      "infer_std": 31.24470184305438,
      "infer_throughput": 2.5127114683773035,
      "inf_mem": 5.31004416,
      "train_batch": 4,
      "train_ms": 6011.170734250071,
      "train_ms_per_sample": 1502.7926835625178,
      "train_throughput": 0.6654277805168719,
      "train_mem": 12.205948928,
      "finetune_hours": 417.4424121006994
    },
    {
      "model": "melp",
      "leads": 12,
      "samples": 5000,
      "hz": 500,
      "duration_s": 10.0,
      "params": 62023680,
      "flops": 27268349952.0,
      "infer_batch": 32,
      "infer_ms": 419.35086593996857,
      "infer_std": 2.758746371470411,
      "infer_throughput": 76.30841521758275,
      "inf_mem": 0.925261312,
      "train_batch": 32,
      "train_ms": 1416.3660622000407,
      "train_ms_per_sample": 44.26143944375127,
      "train_throughput": 22.593029340377175,
      "train_mem": 6.04485376,
      "finetune_hours": 12.294844289930907
    },
    {
      "model": "esi",
      "leads": 12,
      "samples": 5000,
      "hz": 500,
      "duration_s": 10.0,
      "params": 85558528,
      "flops": 46848246784.0,
      "infer_batch": 32,
      "infer_ms": 620.597599879975,
      "infer_std": 3.180210761519213,
      "infer_throughput": 51.56320296145019,
      "inf_mem": 1.031414272,
      "train_batch": 16,
      "train_ms": 929.9512127999833,
      "train_ms_per_sample": 58.121950799998956,
      "train_throughput": 17.205203649152427,
      "train_mem": 8.817990144,
      "finetune_hours": 16.14498633333304
    },
    {
      "model": "deepecg",
      "leads": 12,
      "samples": 2500,
      "hz": 250,
      "duration_s": 10.0,
      "params": 90367616,
      "flops": 322990080000.0,
      "infer_batch": 32,
      "infer_ms": 5055.707182040013,
      "infer_std": 14.31063680627394,
      "infer_throughput": 6.329480495562992,
      "inf_mem": 3.033612288,
      "train_batch": 8,
      "train_ms": 4141.838619599934,
      "train_ms_per_sample": 517.7298274499917,
      "train_throughput": 1.9315093451836933,
      "train_mem": 12.204973056,
      "finetune_hours": 143.81384095833104
    },
    {
      "model": "st_mem",
      "leads": 12,
      "samples": 2250,
      "hz": 250,
      "duration_s": 9.0,
      "params": 85150614,
      "flops": 65457636288.0,
      "infer_batch": 32,
      "infer_ms": 616.6878299399968,
      "infer_std": 4.501520414389865,
      "infer_throughput": 51.890111084425925,
      "inf_mem": 1.075084288,
      "train_batch": 32,
      "train_ms": 1873.7751423499842,
      "train_ms_per_sample": 58.55547319843701,
      "train_throughput": 17.077822881067462,
      "train_mem": 11.378165248,
      "finetune_hours": 16.265409221788058
    },
    {
      "model": "ecgfm_ked",
      "leads": 12,
      "samples": 1000,
      "hz": 100,
      "duration_s": 10.0,
      "params": 7865984,
      "flops": 1165691392.0,
      "infer_batch": 32,
      "infer_ms": 20.368040760004078,
      "infer_std": 0.6359529360265322,
      "infer_throughput": 1571.0887648475814,
      "inf_mem": 0.474347008,
      "train_batch": 32,
      "train_ms": 76.71295309996822,
      "train_ms_per_sample": 2.397279784374007,
      "train_throughput": 417.13946220137444,
      "train_mem": 1.10466048,
      "finetune_hours": 0.665911051215002
    },
    {
      "model": "ecg_cpc",
      "leads": 12,
      "samples": 2400,
      "hz": 240,
      "duration_s": 10.0,
      "params": 2985984,
      "flops": 7004160000.0,
      "infer_batch": 32,
      "infer_ms": 123.0090334399995,
      "infer_std": 0.6393388030756658,
      "infer_throughput": 260.14349601087423,
      "inf_mem": 0.898062336,
      "train_batch": 32,
      "train_ms": 383.07966395000227,
      "train_ms_per_sample": 11.971239498437571,
      "train_throughput": 83.5335388729392,
      "train_mem": 4.104769024,
      "finetune_hours": 3.325344305121547
    },
    {
      "model": "s4_supervised",
      "leads": 12,
      "samples": 250,
      "hz": 100,
      "duration_s": 2.5,
      "params": 2181632,
      "flops": 1055744000.0,
      "infer_batch": 32,
      "infer_ms": 24.451642920039376,
      "infer_std": 2.1740900911346497,
      "infer_throughput": 1308.7055174429345,
      "inf_mem": 0.585273856,
      "train_batch": 32,
      "train_ms": 70.38057729996581,
      "train_ms_per_sample": 2.1993930406239315,
      "train_throughput": 454.67089398278557,
      "train_mem": 1.143313408,
      "finetune_hours": 0.6109425112844254
    },
    {
      "model": "heartgpt_ecg",
      "leads": 1,
      "samples": 500,
      "hz": 100,
      "duration_s": 5.0,
      "params": 438464,
      "flops": 266496000.0,
      "infer_batch": 32,
      "infer_ms": 78.26564199999666,
      "infer_std": 0.5697760789082716,
      "infer_throughput": 408.86395591058164,
      "inf_mem": 0.617493504,
      "train_batch": 32,
      "train_ms": 137.5822153999991,
      "train_ms_per_sample": 4.299444231249971,
      "train_throughput": 232.58820122182894,
      "train_mem": 0.67689984,
      "finetune_hours": 1.1942900642361032
    },
    {
      "model": "heartgpt_ppg",
      "leads": 1,
      "samples": 500,
      "hz": 50,
      "duration_s": 10.0,
      "params": 438464,
      "flops": 266496000.0,
      "infer_batch": 32,
      "infer_ms": 78.56274497998129,
      "infer_std": 0.6571021622916786,
      "infer_throughput": 407.3177433929272,
      "inf_mem": 0.627385344,
      "train_batch": 32,
      "train_ms": 119.93664584999806,
      "train_ms_per_sample": 3.7480201828124393,
      "train_throughput": 266.80752803460626,
      "train_mem": 0.676998144,
      "finetune_hours": 1.0411167174478997
    },
    {
      "model": "heartbert",
      "leads": 1,
      "samples": 512,
      "hz": 360,
      "duration_s": null,