{
  "metadata": {
    "timestamp": "2026-04-30T13:10:19.109145",
    "device": "cpu",
    "gpu": "CPU",
    "batch_size": 32,
    "num_runs": 50,
    "finetune_samples": 100000,
    "finetune_epochs": 10,
    "pytorch": "2.10.0+cpu"
  },
  "results": [
    {
      "model": "ecg_jepa",
      "leads": 8,
      "samples": 2500,
      "hz": 250,
      "duration_s": 10.0,
      "params": 85402368,
      "flops": 45390643200.0,
      "infer_batch": 32,
      "infer_ms": 11805.779536099944,
      "infer_std": 83.42477245303716,
      "infer_throughput": 2.710536809716781,
      "inf_mem": 0,
      "train_batch": 32,
      "train_ms": 49757.49644470002,
      "train_ms_per_sample": 1554.9217638968755,
      "train_throughput": 0.6431191737221844,
      "train_mem": 0,
      "finetune_hours": 431.92271219357656
    },
    {
      "model": "heartlang",
      "leads": 256,
      "samples": 96,
      "hz": 100,
      "duration_s": 10.0,
      "params": 47721216,
      "flops": 9854146560.0,
      "infer_batch": 32,
      "infer_ms": 3582.6181842799997,
      "infer_std": 54.05378768147982,
      "infer_throughput": 8.932015178288125,
      "inf_mem": 0,
      "train_batch": 32,
      "train_ms": 15646.834606899938,
      "train_ms_per_sample": 488.96358146562307,
      "train_throughput": 2.0451420880929265,
      "train_mem": 0,
      "finetune_hours": 135.8232170737842
    },
    {
      "model": "ecg_cpc",
      "leads": 12,
      "samples": 2400,
      "hz": 240,
      "duration_s": 10.0,
      "params": 1354752,
      "flops": 3214540800.0,
      "infer_batch": 32,
      "infer_ms": 529.8775107199253,
      "infer_std": 13.1849634007832,
      "infer_throughput": 60.39131563919888,
      "inf_mem": 0,
      "train_batch": 32,
      "train_ms": 1807.632055400063,
      "train_ms_per_sample": 56.48850173125197,
      "train_throughput": 17.702717709837138,
      "train_mem": 0,
      "finetune_hours": 15.691250480903324
    },
    {
      "model": "s4_supervised",
      "leads": 12,
      "samples": 250,
      "hz": 100,
      "duration_s": 2.5,
      "params": 2181632,
      "flops": 1055744000.0,
      "infer_batch": 32,
      "infer_ms": 282.0681866999621,
      "infer_std": 13.506680906829635,
      "infer_throughput": 113.44774600206377,
      "inf_mem": 0,
      "train_batch": 32,
      "train_ms": 1001.0614369499763,
      "train_ms_per_sample": 31.28316990468676,
      "train_throughput": 31.966070032122374,
      "train_mem": 0,
      "finetune_hours": 8.689769417968545
    },
    {
      "model": "hubert_ecg",
      "leads": 12,
      "samples": 2500,
      "hz": 500,
      "duration_s": 5.0,
      "params": 92798080,
      "flops": 17956722688.0,
      "infer_batch": 32,
      "infer_ms": 2555.4848259399655,
      "infer_std": 56.59424189206431,
      "infer_throughput": 12.522085701772724,
      "inf_mem": 0,
      "train_batch": 32,
      "train_ms": 9160.826472500048,
      "train_ms_per_sample": 286.2758272656265,
      "train_throughput": 3.493134609203769,
      "train_mem": 0,
      "finetune_hours": 79.5210631293407
    },
    {
      "model": "ecgfm",
      "leads": 12,
      "samples": 5000,
      "hz": 500,
      "duration_s": 10.0,
      "params": 90373248,
      "flops": 53774499840.0,
      "infer_batch": 32,
      "infer_ms": 8030.136585919955,
      "infer_std": 58.533220389784496,
      "infer_throughput": 3.9849882573739546,
      "inf_mem": 0,
      "train_batch": 32,
      "train_ms": 30972.678649549973,
      "train_ms_per_sample": 967.8962077984366,
      "train_throughput": 1.0331686310400845,
      "train_mem": 0,
      "finetune_hours": 268.86005772178794
    },
    {
      "model": "deepecg",
      "leads": 12,
      "samples": 2500,
      "hz": 250,
      "duration_s": 10.0,
      "params": 90373248,
      "flops": 26887118848.0,
      "infer_batch": 32,
      "infer_ms": 4197.619964920013,
      "infer_std": 269.89532741760326,
      "infer_throughput": 7.623367591022444,
      "inf_mem": 0,
      "train_batch": 32,
      "train_ms": 14773.318455600063,
      "train_ms_per_sample": 461.666201737502,
      "train_throughput": 2.166067163323748,
      "train_mem": 0,
      "finetune_hours": 128.24061159375057
    },
    {
      "model": "esi",
      "leads": 12,
      "samples": 5000,
      "hz": 500,
      "duration_s": 10.0,
      "params": 85558528,
      "flops": 46848246784.0,
      "infer_batch": 32,
      "infer_ms": 8531.95692565996,
      "infer_std": 742.5863167798389,
      "infer_throughput": 3.7506049642327217,
      "inf_mem": 0,
      "train_batch": 32,
      "train_ms": 27148.342134449875,
      "train_ms_per_sample": 848.3856917015586,
      "train_throughput": 1.1787091764765119,
      "train_mem": 0,
      "finetune_hours": 235.66269213932182
    },
    {
      "model": "melp",
      "leads": 12,
      "samples": 5000,
      "hz": 500,
      "duration_s": 10.0,
      "params": 62023680,
      "flops": 27268349952.0,
      "infer_batch": 32,
      "infer_ms": 5503.455761099995,
      "infer_std": 62.786811993207614,
      "infer_throughput": 5.814528432514201,
      "inf_mem": 0,
      "train_batch": 32,
      "train_ms": 17317.78014935007,
      "train_ms_per_sample": 541.1806296671897,
      "train_throughput": 1.8478118860517436,
      "train_mem": 0,
      "finetune_hours": 150.32795268533047
    },
    {
      "model": "merl_resnet18",
      "leads": 12,
      "samples": 5000,
      "hz": 500,
      "duration_s": 10.0,
      "params": 3848832,
      "flops": 3455375360.0,
      "infer_batch": 32,
      "infer_ms": 407.6436212799854,
      "infer_std": 10.282646869398846,
      "infer_throughput": 78.49994046152672,
      "inf_mem": 0,
      "train_batch": 32,
      "train_ms": 1407.72306810004,
      "train_ms_per_sample": 43.99134587812625,
      "train_throughput": 22.731743710919933,
      "train_mem": 0,
      "finetune_hours": 12.219818299479517
    },
    {
      "model": "merl_vit_tiny",
      "leads": 12,
      "samples": 5000,
      "hz": 500,
      "duration_s": 10.0,
      "params": 5473152,
      "flops": 734516736.0,
      "infer_batch": 32,
      "infer_ms": 220.8386045599218,
      "infer_std": 8.916969335452649,
      "infer_throughput": 144.90220160450795,
      "inf_mem": 0,
      "train_batch": 32,
      "train_ms": 1136.5899432001243,
      "train_ms_per_sample": 35.51843572500388,
      "train_throughput": 28.15439305217011,
      "train_mem": 0,
      "finetune_hours": 9.866232145834411
    },
    {
      "model": "ecgfm_ked",
      "leads": 12,
      "samples": 1000,
      "hz": 100,
      "duration_s": 10.0,
      "params": 7865984,
      "flops": 1165691392.0,
      "infer_batch": 32,
      "infer_ms": 170.6002504000753,
      "infer_std": 6.9545285860560035,
      "infer_throughput": 187.57299549652873,
      "inf_mem": 0,
      "train_batch": 32,
      "train_ms": 672.9340415000024,
      "train_ms_per_sample": 21.029188796875076,
      "train_throughput": 47.552951740515994,
      "train_mem": 0,
      "finetune_hours": 5.8414413324652985
    },
    {
      "model": "ecgfounder_12lead",
      "leads": 12,
      "samples": 5000,
      "hz": 500,
      "duration_s": 10.0,
      "params": 30819014,
      "flops": 2337282560.0,
      "infer_batch": 32,
      "infer_ms": 374.2388660999495,
      "infer_std": 20.004543274524064,
      "infer_throughput": 85.50688583866547,
      "inf_mem": 0,
      "train_batch": 32,
      "train_ms": 1474.4784184499622,
      "train_ms_per_sample": 46.07745057656132,
      "train_throughput": 21.702589607001393,
      "train_mem": 0,
      "finetune_hours": 12.799291826822587
    },
    {
      "model": "ecgfounder_1lead",
      "leads": 1,
      "samples": 5000,
      "hz": 500,
      "duration_s": 10.0,
      "params": 30807750,
      "flops": 2280962560.0,
      "infer_batch": 32,
      "infer_ms": 366.63807030006865,
      "infer_std": 17.174866117323113,
      "infer_throughput": 87.27953421151858,
      "inf_mem": 0,