{
  "metadata": {
    "timestamp": "2026-04-30T11:13:35.809771",
    "device": "cuda",
    "gpu": "Tesla T4",
    "batch_size": 32,
    "num_runs": 50,
    "finetune_samples": 100000,
    "finetune_epochs": 10,
    "pytorch": "2.10.0+cu128"
  },
  "results": [
    {
      "model": "ecg_jepa",
      "leads": 8,
      "samples": 2500,
      "hz": 250,
      "duration_s": 10.0,
      "params": 85402368,
      "flops": 45390643200.0,
      "infer_batch": 32,
      "infer_ms": 861.4216275599915,
      "infer_std": 24.81657096835774,
      "infer_throughput": 37.14789480111055,
      "inf_mem": 1.649394688,
      "train_batch": 32,
      "train_ms": 2535.0709054499757,
      "train_ms_per_sample": 79.22096579531174,
      "train_throughput": 12.622921091163718,
      "train_mem": 10.365190144,
      "finetune_hours": 22.005823832031034
    },
    {
      "model": "heartlang",
      "leads": 256,
      "samples": 96,
      "hz": 100,
      "duration_s": 10.0,
      "params": 47721216,
      "flops": 9854146560.0,
      "infer_batch": 32,
      "infer_ms": 283.04468373999725,
      "infer_std": 1.4521713583307483,
      "infer_throughput": 113.05635413168531,
      "inf_mem": 0.76662784,
      "train_batch": 32,
      "train_ms": 1071.0183850000078,
      "train_ms_per_sample": 33.469324531250244,
      "train_throughput": 29.87810522038776,
      "train_mem": 4.854736896,
      "finetune_hours": 9.297034592013958
    },
    {
      "model": "ecg_cpc",
      "leads": 12,
      "samples": 2400,
      "hz": 240,
      "duration_s": 10.0,
      "params": 1354752,
      "flops": 3214540800.0,
      "infer_batch": 32,
      "infer_ms": 53.7327101599999,
      "infer_std": 0.41491965967933503,
      "infer_throughput": 595.540405550243,
      "inf_mem": 1.25271552,
      "train_batch": 32,
      "train_ms": 160.60055169999146,
      "train_ms_per_sample": 5.018767240624733,
      "train_throughput": 199.25211751312872,
      "train_mem": 2.106212352,
      "finetune_hours": 1.394102011284648
    },
    {
      "model": "s4_supervised",
      "leads": 12,
      "samples": 250,
      "hz": 100,
      "duration_s": 2.5,
      "params": 2181632,
      "flops": 1055744000.0,
      "infer_batch": 32,
      "infer_ms": 24.74498944000743,
      "infer_std": 0.11758913006331795,
      "infer_throughput": 1293.1910954167856,
      "inf_mem": 0.564504576,
      "train_batch": 32,
      "train_ms": 71.0093852,
      "train_ms_per_sample": 2.2190432875,
      "train_throughput": 450.64465647563446,
      "train_mem": 1.121004032,
      "finetune_hours": 0.6164009131944445
    },
    {
      "model": "hubert_ecg",
      "leads": 12,
      "samples": 2500,
      "hz": 500,
      "duration_s": 5.0,
      "params": 92798080,
      "flops": 17956722688.0,
      "infer_batch": 32,
      "infer_ms": 230.7733127399979,
      "infer_std": 1.581031917476628,
      "infer_throughput": 138.6642138991738,
      "inf_mem": 0.942124544,
      "train_batch": 32,
      "train_ms": 608.9375396499918,
      "train_ms_per_sample": 19.029298114062243,
      "train_throughput": 52.550545690438334,
      "train_mem": 4.032218112,
      "finetune_hours": 5.285916142795068
    },
    {
      "model": "ecgfm",
      "leads": 12,
      "samples": 5000,
      "hz": 500,
      "duration_s": 10.0,
      "params": 90373248,
      "flops": 53774499840.0,
      "infer_batch": 32,
      "infer_ms": 618.0199528599928,
      "infer_std": 2.1881062818695884,
      "infer_throughput": 51.778263552680684,
      "inf_mem": 1.12133888,
      "train_batch": 32,
      "train_ms": 1842.5615514000128,
      "train_ms_per_sample": 57.5800484812504,
      "train_throughput": 17.367126745744695,
      "train_mem": 8.716168192,
      "finetune_hours": 15.994457911458445
    },
    {
      "model": "deepecg",
      "leads": 12,
      "samples": 2500,
      "hz": 250,
      "duration_s": 10.0,
      "params": 90373248,
      "flops": 26887118848.0,
      "infer_batch": 32,
      "infer_ms": 307.18787543995404,
      "infer_std": 2.0519558187343865,
      "infer_throughput": 104.170778075696,
      "inf_mem": 0.924521984,
      "train_batch": 32,
      "train_ms": 866.6636272500112,
      "train_ms_per_sample": 27.08323835156285,
      "train_throughput": 36.9232064134714,
      "train_mem": 5.072036864,
      "finetune_hours": 7.5231217643230135
    },
    {
      "model": "esi",
      "leads": 12,
      "samples": 5000,
      "hz": 500,
      "duration_s": 10.0,
      "params": 85558528,
      "flops": 46848246784.0,
      "infer_batch": 32,
      "infer_ms": 620.2418004400033,
      "infer_std": 2.7906197358742926,
      "infer_throughput": 51.5927820042103,
      "inf_mem": 1.007507456,
      "train_batch": 16,
      "train_ms": 938.0739653500198,
      "train_ms_per_sample": 58.629622834376235,
      "train_throughput": 17.056224339442128,
      "train_mem": 8.791609344,
      "finetune_hours": 16.28600634288229
    },
    {
      "model": "melp",
      "leads": 12,
      "samples": 5000,
      "hz": 500,
      "duration_s": 10.0,
      "params": 62023680,
      "flops": 27268349952.0,
      "infer_batch": 32,
      "infer_ms": 430.8279803799768,
      "infer_std": 1.6477743508642284,
      "infer_throughput": 74.27558435684006,
      "inf_mem": 0.902657024,
      "train_batch": 32,
      "train_ms": 1461.2212794000127,
      "train_ms_per_sample": 45.6631649812504,
      "train_throughput": 21.899489455244876,
      "train_mem": 6.022249472,
      "finetune_hours": 12.684212494791776
    },
    {
      "model": "merl_resnet18",
      "leads": 12,
      "samples": 5000,
      "hz": 500,
      "duration_s": 10.0,
      "params": 3848832,
      "flops": 3455375360.0,
      "infer_batch": 32,
      "infer_ms": 37.17459944000893,
      "infer_std": 0.3008579890642895,
      "infer_throughput": 860.8028191841174,
      "inf_mem": 0.498208768,
      "train_batch": 32,
      "train_ms": 140.93134200001032,
      "train_ms_per_sample": 4.404104437500322,
      "train_throughput": 227.06091878411019,
      "train_mem": 1.272907264,
      "finetune_hours": 1.2233623437500896
    },
    {
      "model": "merl_vit_tiny",
      "leads": 12,
      "samples": 5000,
      "hz": 500,
      "duration_s": 10.0,
      "params": 5473152,
      "flops": 734516736.0,
      "infer_batch": 32,
      "infer_ms": 19.213389200021993,
      "infer_std": 0.2069703752167953,
      "infer_throughput": 1665.5052196602237,
      "inf_mem": 0.425965568,
      "train_batch": 32,
      "train_ms": 65.19933104999609,
      "train_ms_per_sample": 2.037479095312378,
      "train_throughput": 490.80258163173164,
      "train_mem": 1.01513216,
      "finetune_hours": 0.5659664153645494
    },
    {
      "model": "ecgfm_ked",
      "leads": 12,
      "samples": 1000,
      "hz": 100,
      "duration_s": 10.0,
      "params": 7865984,
      "flops": 1165691392.0,
      "infer_batch": 32,
      "infer_ms": 20.98218653998174,
      "infer_std": 0.25430062518372387,
      "infer_throughput": 1525.1032078579476,
      "inf_mem": 0.453446656,
      "train_batch": 32,
      "train_ms": 76.12405570000647,
      "train_ms_per_sample": 2.378876740625202,
      "train_throughput": 420.3664624242726,
      "train_mem": 1.079696896,
      "finetune_hours": 0.6607990946181117
    },
    {
      "model": "ecgfounder_12lead",
      "leads": 12,
      "samples": 5000,
      "hz": 500,
      "duration_s": 10.0,
      "params": 30819014,
      "flops": 2337282560.0,
      "infer_batch": 32,
      "infer_ms": 118.46108613998695,
      "infer_std": 0.6802043258831437,
      "infer_throughput": 270.13090157037055,
      "inf_mem": 0.589239296,
      "train_batch": 32,
      "train_ms": 294.04032480000524,
      "train_ms_per_sample": 9.188760150000164,
      "train_throughput": 108.82861057157774,
      "train_mem": 2.56722176,
      "finetune_hours": 2.5524333750000454
    },
    {
      "model": "ecgfounder_1lead",
      "leads": 1,
      "samples": 5000,
      "hz": 500,