{
  "metadata": {
    "timestamp": "2025-12-19T22:26:58.032977",
    "device": "cuda",
    "gpu": "NVIDIA A100-SXM4-80GB",
    "batch_size": 32,
    "num_runs": 50,
    "finetune_samples": 100000,
    "finetune_epochs": 10,
    "pytorch": "2.9.0+cu126"
  },
  "results": [
    {
      "model": "ecg_jepa",
      "leads": 8,
      "samples": 2500,
      "hz": 250,
      "duration_s": 10.0,
      "params": 85402368,
      "flops": 45390643200.0,
      "infer_batch": 32,
      "infer_ms": 172.59611373999945,
      "infer_std": 0.08110129883856414,
      "infer_throughput": 185.40394280374775,
      "inf_mem": 1.663409664,
      "train_batch": 32,
      "train_ms": 490.6036146999988,
      "train_ms_per_sample": 15.331362959374962,
      "train_throughput": 65.22577298898992,
      "train_mem": 10.444872192,
      "finetune_hours": 4.258711933159712
    },
    {
      "model": "heartlang",
      "leads": 256,
      "samples": 96,
      "hz": 100,
      "duration_s": 10.0,
      "params": 47721216,
      "flops": 9854146560.0,
      "infer_batch": 32,
      "infer_ms": 54.65348672000061,
      "infer_std": 0.09026699803945352,
      "infer_throughput": 585.5070174011332,
      "inf_mem": 0.7893632,
      "train_batch": 32,
      "train_ms": 193.96063885000177,
      "train_ms_per_sample": 6.061269964062555,
      "train_throughput": 164.9819272081641,
      "train_mem": 4.903834112,
      "finetune_hours": 1.6836861011284878
    },
    {
      "model": "hubert_ecg",
      "leads": 12,
      "samples": 2500,
      "hz": 500,
      "duration_s": 5.0,
      "params": 92798080,
      "flops": 17956722688.0,
      "infer_batch": 32,
      "infer_ms": 40.737010440000184,
      "infer_std": 0.05729645981898703,
      "infer_throughput": 785.526469772038,
      "inf_mem": 1.016463872,
      "train_batch": 32,
      "train_ms": 119.454728999996,
      "train_ms_per_sample": 3.732960281249875,
      "train_throughput": 267.8839110672719,
      "train_mem": 4.053095936,
      "finetune_hours": 1.0369334114582984
    },
    {
      "model": "ecgfm",
      "leads": 12,
      "samples": 5000,
      "hz": 500,
      "duration_s": 10.0,
      "params": 90367616,
      "flops": 645980160000.0,
      "infer_batch": 32,
      "infer_ms": 2047.8609238800027,
      "infer_std": 2.9016224614792496,
      "infer_throughput": 15.626061138649415,
      "inf_mem": 5.309126656,
      "train_batch": 16,
      "train_ms": 2983.2080623000033,
      "train_ms_per_sample": 186.4505038937502,
      "train_throughput": 5.363353700400054,
      "train_mem": 44.303984128,
      "finetune_hours": 51.79180663715284
    },
    {
      "model": "melp",
      "leads": 12,
      "samples": 5000,
      "hz": 500,
      "duration_s": 10.0,
      "params": 62023680,
      "flops": 27268349952.0,
      "infer_batch": 32,
      "infer_ms": 82.00251965999769,
      "infer_std": 0.0879197130614323,
      "infer_throughput": 390.2319115641782,
      "inf_mem": 0.924999168,
      "train_batch": 32,
      "train_ms": 247.13170224999604,
      "train_ms_per_sample": 7.722865695312376,
      "train_throughput": 129.48561317167275,
      "train_mem": 6.085289472,
      "finetune_hours": 2.1452404709201045
    },
    {
      "model": "esi",
      "leads": 12,
      "samples": 5000,
      "hz": 500,
      "duration_s": 10.0,
      "params": 85558528,
      "flops": 46848246784.0,
      "infer_batch": 32,
      "infer_ms": 117.36709177999954,
      "infer_std": 0.07456972236150837,
      "infer_throughput": 272.64882783312777,
      "inf_mem": 1.031414272,
      "train_batch": 32,
      "train_ms": 376.5846933499887,
      "train_ms_per_sample": 11.768271667187147,
      "train_throughput": 84.97424501069665,
      "train_mem": 15.905112576,
      "finetune_hours": 3.2689643519964298
    },
    {
      "model": "deepecg",
      "leads": 12,
      "samples": 2500,
      "hz": 250,
      "duration_s": 10.0,
      "params": 90367616,
      "flops": 322990080000.0,
      "infer_batch": 32,
      "infer_ms": 790.3532467800017,
      "infer_std": 0.7968931203134175,
      "infer_throughput": 40.488224892314946,
      "inf_mem": 3.033153536,
      "train_batch": 32,
      "train_ms": 2460.8825651500074,
      "train_ms_per_sample": 76.90258016093773,
      "train_throughput": 13.003464876045145,
      "train_mem": 44.298465792,
      "finetune_hours": 21.361827822482702
    },
    {
      "model": "st_mem",
      "leads": 12,
      "samples": 2250,
      "hz": 250,
      "duration_s": 9.0,
      "params": 85150614,
      "flops": 65457636288.0,
      "infer_batch": 32,
      "infer_ms": 142.72260478000135,
      "infer_std": 0.10134101420666071,
      "infer_throughput": 224.21115456326032,
      "inf_mem": 1.075084288,
      "train_batch": 32,
      "train_ms": 451.07465779998967,
      "train_ms_per_sample": 14.096083056249677,
      "train_throughput": 70.94169323559974,
      "train_mem": 11.378165248,
      "finetune_hours": 3.915578626736021
    },
    {
      "model": "ecgfm_ked",
      "leads": 12,
      "samples": 1000,
      "hz": 100,
      "duration_s": 10.0,
      "params": 7865984,
      "flops": 1165691392.0,
      "infer_batch": 32,
      "infer_ms": 13.400213339992888,
      "infer_std": 0.19259640551660154,
      "infer_throughput": 2388.0216820500996,
      "inf_mem": 0.474347008,
      "train_batch": 32,
      "train_ms": 54.76407740000866,
      "train_ms_per_sample": 1.7113774187502706,
      "train_throughput": 584.3246434385278,
      "train_mem": 1.10334976,
      "finetune_hours": 0.47538261631951956
    },
    {
      "model": "ecg_cpc",
      "leads": 12,
      "samples": 2400,
      "hz": 240,
      "duration_s": 10.0,
      "params": 2985984,
      "flops": 7004160000.0,
      "infer_batch": 32,
      "infer_ms": 22.119586719998097,
      "infer_std": 0.0932028396888652,
      "infer_throughput": 1446.6816403522187,
      "inf_mem": 0.898062336,
      "train_batch": 32,
      "train_ms": 95.1255923500014,
      "train_ms_per_sample": 2.9726747609375437,
      "train_throughput": 336.3973796059051,
      "train_mem": 4.104769024,
      "finetune_hours": 0.8257429891493177
    },
    {
      "model": "s4_supervised",
      "leads": 12,
      "samples": 250,
      "hz": 100,
      "duration_s": 2.5,
      "params": 2181632,
      "flops": 1055744000.0,
      "infer_batch": 32,
      "infer_ms": 5.114968140003384,
      "infer_std": 0.02026139101253835,
      "infer_throughput": 6256.148449827652,
      "inf_mem": 0.585273856,
      "train_batch": 32,
      "train_ms": 16.85201939999672,
      "train_ms_per_sample": 0.5266256062498975,
      "train_throughput": 1898.8822194215031,
      "train_mem": 1.143313408,
      "finetune_hours": 0.14628489062497152
    },
    {
      "model": "heartgpt_ecg",
      "leads": 1,
      "samples": 500,
      "hz": 100,
      "duration_s": 5.0,
      "params": 438464,
      "flops": 266496000.0,
      "infer_batch": 32,
      "infer_ms": 19.977018699995597,
      "infer_std": 1.0010059358918686,
      "infer_throughput": 1601.8406189912137,
      "inf_mem": 0.96090112,
      "train_batch": 32,
      "train_ms": 27.752317700011986,
      "train_ms_per_sample": 0.8672599281253746,
      "train_throughput": 1153.0568490135936,
      "train_mem": 1.011771392,
      "finetune_hours": 0.24090553559038183
    },
    {
      "model": "heartgpt_ppg",
      "leads": 1,
      "samples": 500,
      "hz": 50,
      "duration_s": 10.0,
      "params": 438464,
      "flops": 266496000.0,
      "infer_batch": 32,
      "infer_ms": 19.646414500000446,
      "infer_std": 0.1451692766814456,
      "infer_throughput": 1628.7959311862871,
      "inf_mem": 0.96090112,
      "train_batch": 32,
      "train_ms": 27.583552499996244,
      "train_ms_per_sample": 0.8619860156248826,
      "train_throughput": 1160.1116281162244,
      "train_mem": 1.011771392,
      "finetune_hours": 0.23944055989580074
    },
    {
      "model": "heartbert",
      "leads": 1,
      "samples": 512,