{
  "metadata": {
    "timestamp": "2025-12-20T15:21:07.227982",
    "device": "cpu",
    "gpu": "CPU",
    "batch_size": 8,
    "num_runs": 50,
    "finetune_samples": 100000,
    "finetune_epochs": 10,
    "pytorch": "2.9.0+cpu"
  },
  "results": [
    {
      "model": "ecg_jepa",
      "leads": 8,
      "samples": 2500,
      "hz": 250,
      "duration_s": 10.0,
      "params": 85402368,
      "flops": 45390643200.0,
      "infer_batch": 8,
      "infer_ms": 4047.878119140223,
      "infer_std": 399.0225456027719,
      "infer_throughput": 1.9763440905427296,
      "inf_mem": 0,
      "train_batch": 8,
      "train_ms": 19459.604602600302,
      "train_ms_per_sample": 2432.450575325038,
      "train_throughput": 0.4111080447611456,
      "train_mem": 0,
      "finetune_hours": 675.6807153680661
    },
    {
      "model": "heartlang",
      "leads": 256,
      "samples": 96,
      "hz": 100,
      "duration_s": 10.0,
      "params": 47721216,
      "flops": 9854146560.0,
      "infer_batch": 8,
      "infer_ms": 1163.1698869004322,
      "infer_std": 206.91697772885968,
      "infer_throughput": 6.877757144588806,
      "inf_mem": 0,
      "train_batch": 8,
      "train_ms": 5660.090440250497,
      "train_ms_per_sample": 707.5113050313121,
      "train_throughput": 1.4134049772614494,
      "train_mem": 0,
      "finetune_hours": 196.53091806425337
    },
    {
      "model": "hubert_ecg",
      "leads": 12,
      "samples": 2500,
      "hz": 500,
      "duration_s": 5.0,
      "params": 92798080,
      "flops": 17956722688.0,
      "infer_batch": 8,
      "infer_ms": 863.2829567603767,
      "infer_std": 130.6480259613844,
      "infer_throughput": 9.266950004459057,
      "inf_mem": 0,
      "train_batch": 8,
      "train_ms": 3797.2538249003264,
      "train_ms_per_sample": 474.6567281125408,
      "train_throughput": 2.1067856848389614,
      "train_mem": 0,
      "finetune_hours": 131.84909114237243
    },
    {
      "model": "melp",
      "leads": 12,
      "samples": 5000,
      "hz": 500,
      "duration_s": 10.0,
      "params": 62023680,
      "flops": 27268349952.0,
      "infer_batch": 8,
      "infer_ms": 2093.2421249194886,
      "infer_std": 613.0387271757098,
      "infer_throughput": 3.821822571198112,
      "inf_mem": 0,
      "train_batch": 8,
      "train_ms": 5913.1009461492795,
      "train_ms_per_sample": 739.1376182686599,
      "train_throughput": 1.3529280275875804,
      "train_mem": 0,
      "finetune_hours": 205.31600507462775
    },
    {
      "model": "esi",
      "leads": 12,
      "samples": 5000,
      "hz": 500,
      "duration_s": 10.0,
      "params": 85558528,
      "flops": 46848246784.0,
      "infer_batch": 8,
      "infer_ms": 2554.8878897396207,
      "infer_std": 301.79100913197414,
      "infer_throughput": 3.13125285541015,
      "inf_mem": 0,
      "train_batch": 8,
      "train_ms": 7863.447370799258,
      "train_ms_per_sample": 982.9309213499073,
      "train_throughput": 1.017365491591872,
      "train_mem": 0,
      "finetune_hours": 273.0363670416409
    },
    {
      "model": "st_mem",
      "leads": 12,
      "samples": 2500,
      "hz": 250,
      "duration_s": 10.0,
      "params": 21545088,
      "flops": 1470845952.0,
      "infer_batch": 8,
      "infer_ms": 101.69098685888457,
      "infer_std": 6.346103769713525,
      "infer_throughput": 78.66970561610843,
      "inf_mem": 0,
      "train_batch": 8,
      "train_ms": 606.9948281514371,
      "train_ms_per_sample": 75.87435351892964,
      "train_throughput": 13.179683959356746,
      "train_mem": 0,
      "finetune_hours": 21.07620931081379
    },
    {
      "model": "ecgfm_ked",
      "leads": 12,
      "samples": 1000,
      "hz": 100,
      "duration_s": 10.0,
      "params": 7865984,
      "flops": 1165691392.0,
      "infer_batch": 8,
      "infer_ms": 122.03274810031871,
      "infer_std": 25.87805836539573,
      "infer_throughput": 65.55617344143957,
      "inf_mem": 0,
      "train_batch": 8,
      "train_ms": 391.4207241006807,
      "train_ms_per_sample": 48.927590512585084,
      "train_throughput": 20.43836595106357,
      "train_mem": 0,
      "finetune_hours": 13.590997364606968
    },
    {
      "model": "ecg_cpc",
      "leads": 12,
      "samples": 2400,
      "hz": 240,
      "duration_s": 10.0,
      "params": 1354752,
      "flops": 3214540800.0,
      "infer_batch": 8,
      "infer_ms": 257.61612546106335,
      "infer_std": 28.792237812993278,
      "infer_throughput": 31.05395667946701,
      "inf_mem": 0,
      "train_batch": 8,
      "train_ms": 1422.0942152500356,
      "train_ms_per_sample": 177.76177690625445,
      "train_throughput": 5.625506323147108,
      "train_mem": 0,
      "finetune_hours": 49.37827136284846
    },
    {
      "model": "s4_supervised",
      "leads": 12,
      "samples": 250,
      "hz": 100,
      "duration_s": 2.5,
      "params": 2181632,
      "flops": 1055744000.0,
      "infer_batch": 8,
      "infer_ms": 151.87839286008966,
      "infer_std": 14.938856915213984,
      "infer_throughput": 52.67372039793441,
      "inf_mem": 0,
      "train_batch": 8,
      "train_ms": 800.452724650313,
      "train_ms_per_sample": 100.05659058128913,
      "train_throughput": 9.994344142553693,
      "train_mem": 0,
      "finetune_hours": 27.793497383691424
    },
    {
      "model": "heartbert",
      "leads": 1,
      "samples": 512,
      "hz": null,
      "duration_s": null,
      "params": 83450880,
      "flops": 43528617984.0,
      "infer_batch": 8,
      "infer_ms": 1981.5947894191777,
      "infer_std": 294.90468279153214,
      "infer_throughput": 4.03715231929171,
      "inf_mem": 0,
      "train_batch": 8,
      "train_ms": 9272.894023999106,
      "train_ms_per_sample": 1159.1117529998883,
      "train_throughput": 0.8627295835901134,
      "train_mem": 0,
      "finetune_hours": 321.97548694441343
    },
    {
      "model": "heartgpt_ecg",
      "leads": 1,
      "samples": 500,
      "hz": 100,
      "duration_s": 5.0,
      "params": 438464,
      "flops": 266496000.0,
      "infer_batch": 8,
      "infer_ms": 386.43430555952364,
      "infer_std": 57.11094776416117,
      "infer_throughput": 20.702095763513253,
      "inf_mem": 0,
      "train_batch": 8,
      "train_ms": 2763.5540885996306,
      "train_ms_per_sample": 345.44426107495383,
      "train_throughput": 2.8948230226439398,
      "train_mem": 0,
      "finetune_hours": 95.95673918748717
    },
    {
      "model": "heartgpt_ppg",
      "leads": 1,
      "samples": 500,
      "hz": 100,
      "duration_s": 5.0,
      "params": 438528,
      "flops": 266496000.0,
      "infer_batch": 8,
      "infer_ms": 383.6196640804701,
      "infer_std": 67.79282176835683,
      "infer_throughput": 20.853988335493348,
      "inf_mem": 0,
      "train_batch": 8,
      "train_ms": 2751.605753300828,
      "train_ms_per_sample": 343.9507191626035,
      "train_throughput": 2.907393252250325,
      "train_mem": 0,
      "finetune_hours": 95.54186643405653
    },
    {
      "model": "papagei",
      "leads": 1,
      "samples": 1250,
      "hz": 125,
      "duration_s": 10.0,
      "params": 5347904,
      "flops": 168086912.0,
      "infer_batch": 8,
      "infer_ms": 32.05702883962658,
      "infer_std": 3.866848845348322,
      "infer_throughput": 249.55525479363757,
      "inf_mem": 0,
      "train_batch": 8,
      "train_ms": 166.73917485059064,
      "train_ms_per_sample": 20.84239685632383,
      "train_throughput": 47.97912672392994,
      "train_mem": 0,
      "finetune_hours": 5.7895546823121755
    },
    {
      "model": "pulseppg",
      "leads": 1,
      "samples": 1000,
      "hz": 50,
      "duration_s": 20.0,
      "params": 29358336,
      "flops": 4654325664.0,
      "infer_batch": 8,
      "infer_ms": 269.7708404804871,
      "infer_std": 46.915186984348956,
      "infer_throughput": 29.654798812767353,
      "inf_mem": 0,
      "train_batch": 8,
      "train_ms": 937.5848134011903,